site name,site id,ccamlr region,Longitude EPSG:4326,Latitude EPSG:4326,common name,day,month,year,season starting,count,accuracy,count type,vantage,reference,notes
Neko Harbor (Andvord Bay),NEKO,48.1,-62.5327,-64.8383,gentoo penguin,4,2,1987,1986,397,1,chicks,ground,"<strong>Poncet, S. and J. Poncet, </strong><i> 1987</i>. Censuses of penguin populations of the Antarctic Peninsula 1983-1987. British Antarctic Survey Bulletin 77:109- 129.",None
Neko Harbor (Andvord Bay),NEKO,48.1,-62.5327,-64.8383,gentoo penguin,3,2,1996,1995,934,1,chicks,ground,"<strong>Lynch, H. J., R. Naveen, and P. Casanovas, </strong><i> 2013</i>. Antarctic Site Inventory breeding bird survey data, 1994-2013: Ecological Archives E094-243. Ecology 94:2653-2653.",None
Neko Harbor (Andvord Bay),NEKO,48.1,-62.5327,-64.8383,gentoo penguin,23,1,1999,1998,625,1,chicks,ground,"<strong>Lynch, H. J., R. Naveen, and P. Casanovas, </strong><i> 2013</i>. Antarctic Site Inventory breeding bird survey data, 1994-2013: Ecological Archives E094-243. Ecology 94:2653-2653.",None
Neko Harbor (Andvord Bay),NEKO,48.1,-62.5327,-64.8383,gentoo penguin,24,1,2000,1999,1320,1,chicks,ground,"<strong>Lynch, H. J., R. Naveen, and P. Casanovas, </strong><i> 2013</i>. Antarctic Site Inventory breeding bird survey data, 1994-2013: Ecological Archives E094-243. Ecology 94:2653-2653.",None
Neko Harbor (Andvord Bay),NEKO,48.1,-62.5327,-64.8383,gentoo penguin,16,12,1999,1999,864,1,nests,ground,"<strong>Lynch, H. J., R. Naveen, and P. Casanovas, </strong><i> 2013</i>. Antarctic Site Inventory breeding bird survey data, 1994-2013: Ecological Archives E094-243. Ecology 94:2653-2653.",None
Neko Harbor (Andvord Bay),NEKO,48.1,-62.5327,-64.8383,gentoo penguin,11,1,2003,2002,1042,1,nests,ground,"<strong>Lynch, H. J., R. Naveen, and P. Casanovas, </strong><i> 2013</i>. Antarctic Site Inventory breeding bird survey data, 1994-2013: Ecological Archives E094-243. Ecology 94:2653-2653.",None
Neko Harbor (Andvord Bay),NEKO,48.1,-62.5327,-64.8383,gentoo penguin,11,12,2002,2002,1072,1,nests,ground,"<strong>Lynch, H. J., R. Naveen, and P. Casanovas, </strong><i> 2013</i>. Antarctic Site Inventory breeding bird survey data, 1994-2013: Ecological Archives E094-243. Ecology 94:2653-2653.",None
Neko Harbor (Andvord Bay),NEKO,48.1,-62.5327,-64.8383,gentoo penguin,6,2,2004,2003,1134,1,chicks,ground,"<strong>Lynch, H. J., R. Naveen, and P. Casanovas, </strong><i> 2013</i>. Antarctic Site Inventory breeding bird survey data, 1994-2013: Ecological Archives E094-243. Ecology 94:2653-2653.",None
Neko Harbor (Andvord Bay),NEKO,48.1,-62.5327,-64.8383,gentoo penguin,21,12,2003,2003,1088,1,nests,ground,"<strong>Lynch, H. J., R. Naveen, and P. Casanovas, </strong><i> 2013</i>. Antarctic Site Inventory breeding bird survey data, 1994-2013: Ecological Archives E094-243. Ecology 94:2653-2653.",None
Neko Harbor (Andvord Bay),NEKO,48.1,-62.5327,-64.8383,gentoo penguin,14,1,2005,2004,869,1,nests,ground,"<strong>Lynch, H. J., R. Naveen, and P. Casanovas, </strong><i> 2013</i>. Antarctic Site Inventory breeding bird survey data, 1994-2013: Ecological Archives E094-243. Ecology 94:2653-2653.",None
Neko Harbor (Andvord Bay),NEKO,48.1,-62.5327,-64.8383,gentoo penguin,4,12,2004,2004,1009,1,nests,ground,"<strong>Lynch, H. J., R. Naveen, and P. Casanovas, </strong><i> 2013</i>. Antarctic Site Inventory breeding bird survey data, 1994-2013: Ecological Archives E094-243. Ecology 94:2653-2653.",None
Neko Harbor (Andvord Bay),NEKO,48.1,-62.5327,-64.8383,gentoo penguin,14,12,2004,2004,1096,1,nests,ground,"<strong>Lynch, H. J., R. Naveen, and P. Casanovas, </strong><i> 2013</i>. Antarctic Site Inventory breeding bird survey data, 1994-2013: Ecological Archives E094-243. Ecology 94:2653-2653.",None
Neko Harbor (Andvord Bay),NEKO,48.1,-62.5327,-64.8383,gentoo penguin,28,1,2006,2005,1726,1,chicks,ground,"<strong>Lynch, H. J., R. Naveen, and P. Casanovas, </strong><i> 2013</i>. Antarctic Site Inventory breeding bird survey data, 1994-2013: Ecological Archives E094-243. Ecology 94:2653-2653.",None
Neko Harbor (Andvord Bay),NEKO,48.1,-62.5327,-64.8383,gentoo penguin,22,11,2005,2005,1101,1,nests,ground,"<strong>Lynch, H. J., R. Naveen, and P. Casanovas, </strong><i> 2013</i>. Antarctic Site Inventory breeding bird survey data, 1994-2013: Ecological Archives E094-243. Ecology 94:2653-2653.",None
Neko Harbor (Andvord Bay),NEKO,48.1,-62.5327,-64.8383,gentoo penguin,3,12,2005,2005,1301,1,nests,ground,"<strong>Lynch, H. J., R. Naveen, and P. Casanovas, </strong><i> 2013</i>. Antarctic Site Inventory breeding bird survey data, 1994-2013: Ecological Archives E094-243. Ecology 94:2653-2653.",None
Neko Harbor (Andvord Bay),NEKO,48.1,-62.5327,-64.8383,gentoo penguin,13,12,2006,2006,1153,2,nests,ground,"<strong>Lynch, H. J., R. Naveen, and P. Casanovas, </strong><i> 2013</i>. Antarctic Site Inventory breeding bird survey data, 1994-2013: Ecological Archives E094-243. Ecology 94:2653-2653.",None
Neko Harbor (Andvord Bay),NEKO,48.1,-62.5327,-64.8383,gentoo penguin,17,11,2007,2007,957,1,nests,ground,"<strong>Lynch, H. J., R. Naveen, and P. Casanovas, </strong><i> 2013</i>. Antarctic Site Inventory breeding bird survey data, 1994-2013: Ecological Archives E094-243. Ecology 94:2653-2653.",None
Neko Harbor (Andvord Bay),NEKO,48.1,-62.5327,-64.8383,gentoo penguin,27,11,2007,2007,1129,1,nests,ground,"<strong>Lynch, H. J., R. Naveen, and P. Casanovas, </strong><i> 2013</i>. Antarctic Site Inventory breeding bird survey data, 1994-2013: Ecological Archives E094-243. Ecology 94:2653-2653.",None
Neko Harbor (Andvord Bay),NEKO,48.1,-62.5327,-64.8383,gentoo penguin,20,1,2009,2008,1621,1,chicks,ground,"<strong>Lynch, H. J., R. Naveen, and P. Casanovas, </strong><i> 2013</i>. Antarctic Site Inventory breeding bird survey data, 1994-2013: Ecological Archives E094-243. Ecology 94:2653-2653.",None
Neko Harbor (Andvord Bay),NEKO,48.1,-62.5327,-64.8383,gentoo penguin,23,1,2009,2008,1617,1,chicks,ground,"<strong>Lynch, H. J., R. Naveen, and P. Casanovas, </strong><i> 2013</i>. Antarctic Site Inventory breeding bird survey data, 1994-2013: Ecological Archives E094-243. Ecology 94:2653-2653.",None
Neko Harbor (Andvord Bay),NEKO,48.1,-62.5327,-64.8383,gentoo penguin,27,1,2009,2008,1730,1,chicks,ground,"<strong>Lynch, H. J., R. Naveen, and P. Casanovas, </strong><i> 2013</i>. Antarctic Site Inventory breeding bird survey data, 1994-2013: Ecological Archives E094-243. Ecology 94:2653-2653.",None
Neko Harbor (Andvord Bay),NEKO,48.1,-62.5327,-64.8383,gentoo penguin,15,2,2009,2008,1443,1,chicks,ground,"<strong>Lynch, H. J., R. Naveen, and P. Casanovas, </strong><i> 2013</i>. Antarctic Site Inventory breeding bird survey data, 1994-2013: Ecological Archives E094-243. Ecology 94:2653-2653.",None
Neko Harbor (Andvord Bay),NEKO,48.1,-62.5327,-64.8383,gentoo penguin,17,11,2008,2008,904,1,nests,ground,"<strong>Lynch, H. J., R. Naveen, and P. Casanovas, </strong><i> 2013</i>. Antarctic Site Inventory breeding bird survey data, 1994-2013: Ecological Archives E094-243. Ecology 94:2653-2653.",None
Neko Harbor (Andvord Bay),NEKO,48.1,-62.5327,-64.8383,gentoo penguin,18,11,2008,2008,892,1,nests,ground,"<strong>Lynch, H. J., R. Naveen, and P. Casanovas, </strong><i> 2013</i>. Antarctic Site Inventory breeding bird survey data, 1994-2013: Ecological Archives E094-243. Ecology 94:2653-2653.",None
Neko Harbor (Andvord Bay),NEKO,48.1,-62.5327,-64.8383,gentoo penguin,2,12,2008,2008,1431,1,nests,ground,"<strong>Lynch, H. J., R. Naveen, and P. Casanovas, </strong><i> 2013</i>. Antarctic Site Inventory breeding bird survey data, 1994-2013: Ecological Archives E094-243. Ecology 94:2653-2653.",None
Neko Harbor (Andvord Bay),NEKO,48.1,-62.5327,-64.8383,gentoo penguin,7,12,2008,2008,1357,1,nests,ground,"<strong>Lynch, H. J., R. Naveen, and P. Casanovas, </strong><i> 2013</i>. Antarctic Site Inventory breeding bird survey data, 1994-2013: Ecological Archives E094-243. Ecology 94:2653-2653.",None
Neko Harbor (Andvord Bay),NEKO,48.1,-62.5327,-64.8383,gentoo penguin,22,12,2008,2008,1168,1,nests,ground,"<strong>Lynch, H. J., R. Naveen, and P. Casanovas, </strong><i> 2013</i>. Antarctic Site Inventory breeding bird survey data, 1994-2013: Ecological Archives E094-243. Ecology 94:2653-2653.",None
Neko Harbor (Andvord Bay),NEKO,48.1,-62.5327,-64.8383,gentoo penguin,28,12,2008,2008,1130,1,nests,ground,"<strong>Lynch, H. J., R. Naveen, and P. Casanovas, </strong><i> 2013</i>. Antarctic Site Inventory breeding bird survey data, 1994-2013: Ecological Archives E094-243. Ecology 94:2653-2653.",None
Neko Harbor (Andvord Bay),NEKO,48.1,-62.5327,-64.8383,gentoo penguin,3,1,2010,2009,1294,1,nests,ground,"<strong>Lynch, H. J., R. Naveen, and P. Casanovas, </strong><i> 2013</i>. Antarctic Site Inventory breeding bird survey data, 1994-2013: Ecological Archives E094-243. Ecology 94:2653-2653.",None
Neko Harbor (Andvord Bay),NEKO,48.1,-62.5327,-64.8383,gentoo penguin,15,1,2010,2009,1257,1,nests,ground,"<strong>Lynch, H. J., R. Naveen, and P. Casanovas, </strong><i> 2013</i>. Antarctic Site Inventory breeding bird survey data, 1994-2013: Ecological Archives E094-243. Ecology 94:2653-2653.",None
Neko Harbor (Andvord Bay),NEKO,48.1,-62.5327,-64.8383,gentoo penguin,13,12,2009,2009,1270,1,nests,ground,"<strong>Lynch, H. J., R. Naveen, and P. Casanovas, </strong><i> 2013</i>. Antarctic Site Inventory breeding bird survey data, 1994-2013: Ecological Archives E094-243. Ecology 94:2653-2653.",None
Neko Harbor (Andvord Bay),NEKO,48.1,-62.5327,-64.8383,gentoo penguin,5,1,2011,2010,1211,1,nests,ground,"<strong>Lynch, H. J., R. Naveen, and P. Casanovas, </strong><i> 2013</i>. Antarctic Site Inventory breeding bird survey data, 1994-2013: Ecological Archives E094-243. Ecology 94:2653-2653.",None
Neko Harbor (Andvord Bay),NEKO,48.1,-62.5327,-64.8383,gentoo penguin,12,1,2011,2010,1310,1,nests,ground,"<strong>Lynch, H. J., R. Naveen, and P. Casanovas, </strong><i> 2013</i>. Antarctic Site Inventory breeding bird survey data, 1994-2013: Ecological Archives E094-243. Ecology 94:2653-2653.",None
Neko Harbor (Andvord Bay),NEKO,48.1,-62.5327,-64.8383,gentoo penguin,2,12,2010,2010,442,1,nests,ground,"<strong>Lynch, H. J., R. Naveen, and P. Casanovas, </strong><i> 2013</i>. Antarctic Site Inventory breeding bird survey data, 1994-2013: Ecological Archives E094-243. Ecology 94:2653-2653.",None
Neko Harbor (Andvord Bay),NEKO,48.1,-62.5327,-64.8383,gentoo penguin,13,12,2010,2010,1271,1,nests,ground,"<strong>Lynch, H. J., R. Naveen, and P. Casanovas, </strong><i> 2013</i>. Antarctic Site Inventory breeding bird survey data, 1994-2013: Ecological Archives E094-243. Ecology 94:2653-2653.",None
Neko Harbor (Andvord Bay),NEKO,48.1,-62.5327,-64.8383,gentoo penguin,22,1,2012,2011,1325,1,nests,ground,"<strong>Lynch, H. J., R. Naveen, and P. Casanovas, </strong><i> 2013</i>. Antarctic Site Inventory breeding bird survey data, 1994-2013: Ecological Archives E094-243. Ecology 94:2653-2653.",None
Neko Harbor (Andvord Bay),NEKO,48.1,-62.5327,-64.8383,gentoo penguin,1,2,2012,2011,1877,1,chicks,ground,"<strong>Lynch, H. J., R. Naveen, and P. Casanovas, </strong><i> 2013</i>. Antarctic Site Inventory breeding bird survey data, 1994-2013: Ecological Archives E094-243. Ecology 94:2653-2653.",None
Neko Harbor (Andvord Bay),NEKO,48.1,-62.5327,-64.8383,gentoo penguin,12,12,2011,2011,1097,1,nests,ground,"<strong>Lynch, H. J., R. Naveen, and P. Casanovas, </strong><i> 2013</i>. Antarctic Site Inventory breeding bird survey data, 1994-2013: Ecological Archives E094-243. Ecology 94:2653-2653.",None
Neko Harbor (Andvord Bay),NEKO,48.1,-62.5327,-64.8383,gentoo penguin,12,1,2013,2012,1264,1,nests,ground,"<strong>Lynch, H. J., R. Naveen, and P. Casanovas, </strong><i> 2013</i>. Antarctic Site Inventory breeding bird survey data, 1994-2013: Ecological Archives E094-243. Ecology 94:2653-2653.",None
Neko Harbor (Andvord Bay),NEKO,48.1,-62.5327,-64.8383,gentoo penguin,12,12,2012,2012,1135,1,nests,ground,"<strong>Lynch, H. J., R. Naveen, and P. Casanovas, </strong><i> 2013</i>. Antarctic Site Inventory breeding bird survey data, 1994-2013: Ecological Archives E094-243. Ecology 94:2653-2653.",None
Neko Harbor (Andvord Bay),NEKO,48.1,-62.5327,-64.8383,gentoo penguin,13,12,2012,2012,1402,1,nests,ground,"<strong>Lynch, H. J., R. Naveen, and P. Casanovas, </strong><i> 2013</i>. Antarctic Site Inventory breeding bird survey data, 1994-2013: Ecological Archives E094-243. Ecology 94:2653-2653.",None
Neko Harbor (Andvord Bay),NEKO,48.1,-62.5327,-64.8383,gentoo penguin,23,12,2012,2012,1302,1,nests,ground,"<strong>Lynch, H. J., R. Naveen, and P. Casanovas, </strong><i> 2013</i>. Antarctic Site Inventory breeding bird survey data, 1994-2013: Ecological Archives E094-243. Ecology 94:2653-2653.",None
Neko Harbor (Andvord Bay),NEKO,48.1,-62.5327,-64.8383,gentoo penguin,4,1,2014,2013,822,1,nests,ground,"<strong>Lynch, H. J., </strong><i> ????a</i>. Antarctic Site Inventory. dataset.",None
Neko Harbor (Andvord Bay),NEKO,48.1,-62.5327,-64.8383,gentoo penguin,14,1,2014,2013,785,1,nests,ground,"<strong>Lynch, H. J., </strong><i> ????a</i>. Antarctic Site Inventory. dataset.",None
Neko Harbor (Andvord Bay),NEKO,48.1,-62.5327,-64.8383,gentoo penguin,22,1,2014,2013,688,1,nests,ground,"<strong>Lynch, H. J., </strong><i> ????a</i>. Antarctic Site Inventory. dataset.",None
Neko Harbor (Andvord Bay),NEKO,48.1,-62.5327,-64.8383,gentoo penguin,13,12,2013,2013,1311,1,nests,ground,"<strong>Lynch, H. J., </strong><i> ????a</i>. Antarctic Site Inventory. dataset.",None
Neko Harbor (Andvord Bay),NEKO,48.1,-62.5327,-64.8383,gentoo penguin,24,12,2013,2013,1013,1,nests,ground,"<strong>Lynch, H. J., </strong><i> ????a</i>. Antarctic Site Inventory. dataset.",None
Neko Harbor (Andvord Bay),NEKO,48.1,-62.5327,-64.8383,gentoo penguin,5,1,2015,2014,1595,1,nests,ground,"<strong>Lynch, H. J., </strong><i> ????a</i>. Antarctic Site Inventory. dataset.",None
Neko Harbor (Andvord Bay),NEKO,48.1,-62.5327,-64.8383,gentoo penguin,12,1,2015,2014,1508,1,nests,ground,"<strong>Lynch, H. J., </strong><i> ????a</i>. Antarctic Site Inventory. dataset.",None
Neko Harbor (Andvord Bay),NEKO,48.1,-62.5327,-64.8383,gentoo penguin,26,1,2015,2014,1926,1,chicks,ground,"<strong>Lynch, H. J., </strong><i> ????a</i>. Antarctic Site Inventory. dataset.",None
Neko Harbor (Andvord Bay),NEKO,48.1,-62.5327,-64.8383,gentoo penguin,31,1,2015,2014,1987,1,chicks,ground,"<strong>Lynch, H. J., </strong><i> ????a</i>. Antarctic Site Inventory. dataset.",None
Neko Harbor (Andvord Bay),NEKO,48.1,-62.5327,-64.8383,gentoo penguin,21,2,2015,2014,1888,1,chicks,ground,"<strong>Lynch, H. J., </strong><i> ????a</i>. Antarctic Site Inventory. dataset.",None
Neko Harbor (Andvord Bay),NEKO,48.1,-62.5327,-64.8383,gentoo penguin,14,12,2014,2014,1660,1,nests,ground,"<strong>Lynch, H. J., </strong><i> ????a</i>. Antarctic Site Inventory. dataset.",None
Neko Harbor (Andvord Bay),NEKO,48.1,-62.5327,-64.8383,gentoo penguin,19,2,2016,2015,1485,1,chicks,ground,"<strong>Lynch, H. J., </strong><i> ????a</i>. Antarctic Site Inventory. dataset.",None
Neko Harbor (Andvord Bay),NEKO,48.1,-62.5327,-64.8383,gentoo penguin,18,11,2015,2015,1149,1,nests,ground,"<strong>Lynch, H. J., </strong><i> ????a</i>. Antarctic Site Inventory. dataset.",None
Neko Harbor (Andvord Bay),NEKO,48.1,-62.5327,-64.8383,gentoo penguin,16,12,2015,2015,1507,1,nests,ground,"<strong>Lynch, H. J., </strong><i> ????a</i>. Antarctic Site Inventory. dataset.",None
Neko Harbor (Andvord Bay),NEKO,48.1,-62.5327,-64.8383,gentoo penguin,25,12,2015,2015,1322,1,nests,ground,"<strong>Lynch, H. J., </strong><i> ????a</i>. Antarctic Site Inventory. dataset.",None
Neko Harbor (Andvord Bay),NEKO,48.1,-62.5327,-64.8383,gentoo penguin,19,1,2017,2016,1174,1,nests,ground,"<strong>Lynch, H. J., </strong><i> ????a</i>. Antarctic Site Inventory. dataset.",None
Neko Harbor (Andvord Bay),NEKO,48.1,-62.5327,-64.8383,gentoo penguin,29,12,2016,2016,1145,1,nests,ground,"<strong>Lynch, H. J., </strong><i> ????a</i>. Antarctic Site Inventory. dataset.",None
Neko Harbor (Andvord Bay),NEKO,48.1,-62.5327,-64.8383,gentoo penguin,26,1,2018,2017,973,1,nests,ground,"<strong>Lynch, H. J., </strong><i> ????a</i>. Antarctic Site Inventory. dataset.",None
Neko Harbor (Andvord Bay),NEKO,48.1,-62.5327,-64.8383,gentoo penguin,6,1,2019,2018,953,1,nests,ground,"<strong>Lynch, H. J., </strong><i> ????a</i>. Antarctic Site Inventory. dataset.",None
Neko Harbor (Andvord Bay),NEKO,48.1,-62.5327,-64.8383,gentoo penguin,14,1,2019,2018,1058,1,nests,ground,"<strong>Lynch, H. J., </strong><i> ????a</i>. Antarctic Site Inventory. dataset.",None
Neko Harbor (Andvord Bay),NEKO,48.1,-62.5327,-64.8383,gentoo penguin,8,12,2018,2018,916,1,nests,ground,"<strong>Lynch, H. J., </strong><i> ????a</i>. Antarctic Site Inventory. dataset.",None
Orne Islands,ORNE,48.1,-62.673,-64.662,chinstrap penguin,17,1,1984,1983,340,4,nests,None,"<strong>Woehler, E. J., </strong><i> 1993</i>. The distribution and abundance of Antarctic and Subantarctic penguins. Scientific Committee on Antarctic Research (SCAR), Cambridge, United Kingdom.",None
Orne Islands,ORNE,48.1,-62.673,-64.662,chinstrap penguin,26,1,1987,1986,860,3,nests,ground,"<strong>Poncet, S. and J. Poncet, </strong><i> 1987</i>. Censuses of penguin populations of the Antarctic Peninsula 1983-1987. British Antarctic Survey Bulletin 77:109- 129.",None
Orne Islands,ORNE,48.1,-62.673,-64.662,chinstrap penguin,7,1,1993,1992,521,1,nests,ground,"<strong>Aguirre, C. A. and J. M. Acero,</strong><i> 1995</i>. Distribution and abundance of birds in the Errera Channel, Antarctic Peninsula, during the 1992/93 breeding season. Marine Ornithology 23:129-134. ",None
Orne Islands,ORNE,48.1,-62.673,-64.662,chinstrap penguin,Unknown,Unknown,1994,1994,420,2,nests,None,"<strong>Woehler, E. J. and J. P. Croxall, </strong><i> 1997</i>. The status and trends of Antarctic and sub-Antarctic seabirds. Marine Ornithology 25:43-66.",None
Orne Islands,ORNE,48.1,-62.673,-64.662,chinstrap penguin,27,11,1995,1995,431,1,nests,ground,"<strong>Lynch, H. J., R. Naveen, and P. Casanovas, </strong><i> 2013</i>. Antarctic Site Inventory breeding bird survey data, 1994-2013: Ecological Archives E094-243. Ecology 94:2653-2653.",None
Orne Islands,ORNE,48.1,-62.673,-64.662,chinstrap penguin,4,12,1996,1996,342,1,nests,ground,"<strong>Lynch, H. J., R. Naveen, and P. Casanovas, </strong><i> 2013</i>. Antarctic Site Inventory breeding bird survey data, 1994-2013: Ecological Archives E094-243. Ecology 94:2653-2653.",None
Orne Islands,ORNE,48.1,-62.673,-64.662,chinstrap penguin,4,12,1997,1997,423,1,nests,ground,"<strong>Lynch, H. J., R. Naveen, and P. Casanovas, </strong><i> 2013</i>. Antarctic Site Inventory breeding bird survey data, 1994-2013: Ecological Archives E094-243. Ecology 94:2653-2653.",None
Orne Islands,ORNE,48.1,-62.673,-64.662,chinstrap penguin,27,11,1998,1998,370,1,nests,ground,"<strong>Lynch, H. J., R. Naveen, and P. Casanovas, </strong><i> 2013</i>. Antarctic Site Inventory breeding bird survey data, 1994-2013: Ecological Archives E094-243. Ecology 94:2653-2653.",None
Orne Islands,ORNE,48.1,-62.673,-64.662,chinstrap penguin,6,12,1998,1998,361,1,nests,ground,"<strong>Lynch, H. J., R. Naveen, and P. Casanovas, </strong><i> 2013</i>. Antarctic Site Inventory breeding bird survey data, 1994-2013: Ecological Archives E094-243. Ecology 94:2653-2653.",None
Orne Islands,ORNE,48.1,-62.673,-64.662,chinstrap penguin,23,1,2000,1999,528,1,chicks,ground,"<strong>Lynch, H. J., R. Naveen, and P. Casanovas, </strong><i> 2013</i>. Antarctic Site Inventory breeding bird survey data, 1994-2013: Ecological Archives E094-243. Ecology 94:2653-2653.",None
Orne Islands,ORNE,48.1,-62.673,-64.662,chinstrap penguin,27,11,1999,1999,421,1,nests,ground,"<strong>Lynch, H. J., R. Naveen, and P. Casanovas, </strong><i> 2013</i>. Antarctic Site Inventory breeding bird survey data, 1994-2013: Ecological Archives E094-243. Ecology 94:2653-2653.",None
Orne Islands,ORNE,48.1,-62.673,-64.662,chinstrap penguin,16,12,1999,1999,332,1,nests,ground,"<strong>Lynch, H. J., R. Naveen, and P. Casanovas, </strong><i> 2013</i>. Antarctic Site Inventory breeding bird survey data, 1994-2013: Ecological Archives E094-243. Ecology 94:2653-2653.",None
Orne Islands,ORNE,48.1,-62.673,-64.662,gentoo penguin,27,11,1999,1999,3,1,nests,ground,"<strong>Lynch, H. J., R. Naveen, and P. Casanovas, </strong><i> 2013</i>. Antarctic Site Inventory breeding bird survey data, 1994-2013: Ecological Archives E094-243. Ecology 94:2653-2653.",None
Orne Islands,ORNE,48.1,-62.673,-64.662,chinstrap penguin,23,1,2001,2000,634,1,chicks,ground,"<strong>Lynch, H. J., R. Naveen, and P. Casanovas, </strong><i> 2013</i>. Antarctic Site Inventory breeding bird survey data, 1994-2013: Ecological Archives E094-243. Ecology 94:2653-2653.",None
Orne Islands,ORNE,48.1,-62.673,-64.662,chinstrap penguin,14,12,2000,2000,396,1,nests,ground,"<strong>Lynch, H. J., R. Naveen, and P. Casanovas, </strong><i> 2013</i>. Antarctic Site Inventory breeding bird survey data, 1994-2013: Ecological Archives E094-243. Ecology 94:2653-2653.",None
Orne Islands,ORNE,48.1,-62.673,-64.662,chinstrap penguin,15,2,2002,2001,111,1,chicks,ground,"<strong>Lynch, H. J., R. Naveen, and P. Casanovas, </strong><i> 2013</i>. Antarctic Site Inventory breeding bird survey data, 1994-2013: Ecological Archives E094-243. Ecology 94:2653-2653.",None
Orne Islands,ORNE,48.1,-62.673,-64.662,chinstrap penguin,24,12,2001,2001,106,1,nests,ground,"<strong>Lynch, H. J., R. Naveen, and P. Casanovas, </strong><i> 2013</i>. Antarctic Site Inventory breeding bird survey data, 1994-2013: Ecological Archives E094-243. Ecology 94:2653-2653.",None
Orne Islands,ORNE,48.1,-62.673,-64.662,chinstrap penguin,14,2,2003,2002,472,1,chicks,ground,"<strong>Lynch, H. J., R. Naveen, and P. Casanovas, </strong><i> 2013</i>. Antarctic Site Inventory breeding bird survey data, 1994-2013: Ecological Archives E094-243. Ecology 94:2653-2653.",None
Orne Islands,ORNE,48.1,-62.673,-64.662,chinstrap penguin,9,12,2002,2002,338,1,nests,ground,"<strong>Lynch, H. J., R. Naveen, and P. Casanovas, </strong><i> 2013</i>. Antarctic Site Inventory breeding bird survey data, 1994-2013: Ecological Archives E094-243. Ecology 94:2653-2653.",None
Orne Islands,ORNE,48.1,-62.673,-64.662,chinstrap penguin,5,2,2006,2005,489,1,chicks,ground,"<strong>Lynch, H. J., R. Naveen, and P. Casanovas, </strong><i> 2013</i>. Antarctic Site Inventory breeding bird survey data, 1994-2013: Ecological Archives E094-243. Ecology 94:2653-2653.",None
Orne Islands,ORNE,48.1,-62.673,-64.662,chinstrap penguin,22,11,2005,2005,350,1,nests,ground,"<strong>Lynch, H. J., R. Naveen, and P. Casanovas, </strong><i> 2013</i>. Antarctic Site Inventory breeding bird survey data, 1994-2013: Ecological Archives E094-243. Ecology 94:2653-2653.",None
Orne Islands,ORNE,48.1,-62.673,-64.662,gentoo penguin,22,11,2005,2005,41,4,nests,ground,"<strong>Lynch, H. J., R. Naveen, and P. Casanovas, </strong><i> 2013</i>. Antarctic Site Inventory breeding bird survey data, 1994-2013: Ecological Archives E094-243. Ecology 94:2653-2653.",None
Orne Islands,ORNE,48.1,-62.673,-64.662,chinstrap penguin,26,1,2007,2006,447,1,chicks,ground,"<strong>Lynch, H. J., R. Naveen, and P. Casanovas, </strong><i> 2013</i>. Antarctic Site Inventory breeding bird survey data, 1994-2013: Ecological Archives E094-243. Ecology 94:2653-2653.",None
Orne Islands,ORNE,48.1,-62.673,-64.662,chinstrap penguin,14,2,2007,2006,440,1,chicks,ground,"<strong>Lynch, H. J., R. Naveen, and P. Casanovas, </strong><i> 2013</i>. Antarctic Site Inventory breeding bird survey data, 1994-2013: Ecological Archives E094-243. Ecology 94:2653-2653.",None
Orne Islands,ORNE,48.1,-62.673,-64.662,gentoo penguin,26,1,2007,2006,65,1,chicks,ground,"<strong>Lynch, H. J., R. Naveen, and P. Casanovas, </strong><i> 2013</i>. Antarctic Site Inventory breeding bird survey data, 1994-2013: Ecological Archives E094-243. Ecology 94:2653-2653.",None
Orne Islands,ORNE,48.1,-62.673,-64.662,chinstrap penguin,30,1,2008,2007,321,1,chicks,ground,"<strong>Lynch, H. J., R. Naveen, and P. Casanovas, </strong><i> 2013</i>. Antarctic Site Inventory breeding bird survey data, 1994-2013: Ecological Archives E094-243. Ecology 94:2653-2653.",None
Orne Islands,ORNE,48.1,-62.673,-64.662,chinstrap penguin,15,12,2007,2007,249,1,nests,ground,"<strong>Lynch, H. J., R. Naveen, and P. Casanovas, </strong><i> 2013</i>. Antarctic Site Inventory breeding bird survey data, 1994-2013: Ecological Archives E094-243. Ecology 94:2653-2653.",None
Orne Islands,ORNE,48.1,-62.673,-64.662,gentoo penguin,30,1,2008,2007,68,1,chicks,ground,"<strong>Lynch, H. J., R. Naveen, and P. Casanovas, </strong><i> 2013</i>. Antarctic Site Inventory breeding bird survey data, 1994-2013: Ecological Archives E094-243. Ecology 94:2653-2653.",None
Orne Islands,ORNE,48.1,-62.673,-64.662,gentoo penguin,15,12,2007,2007,58,1,nests,ground,"<strong>Lynch, H. J., R. Naveen, and P. Casanovas, </strong><i> 2013</i>. Antarctic Site Inventory breeding bird survey data, 1994-2013: Ecological Archives E094-243. Ecology 94:2653-2653.",None
Orne Islands,ORNE,48.1,-62.673,-64.662,chinstrap penguin,12,2,2009,2008,434,1,chicks,ground,"<strong>Lynch, H. J., R. Naveen, and P. Casanovas, </strong><i> 2013</i>. Antarctic Site Inventory breeding bird survey data, 1994-2013: Ecological Archives E094-243. Ecology 94:2653-2653.",None
Orne Islands,ORNE,48.1,-62.673,-64.662,chinstrap penguin,16,12,2008,2008,299,1,nests,ground,"<strong>Lynch, H. J., R. Naveen, and P. Casanovas, </strong><i> 2013</i>. Antarctic Site Inventory breeding bird survey data, 1994-2013: Ecological Archives E094-243. Ecology 94:2653-2653.",None
Orne Islands,ORNE,48.1,-62.673,-64.662,gentoo penguin,12,2,2009,2008,68,1,chicks,ground,"<strong>Lynch, H. J., R. Naveen, and P. Casanovas, </strong><i> 2013</i>. Antarctic Site Inventory breeding bird survey data, 1994-2013: Ecological Archives E094-243. Ecology 94:2653-2653.",None
Orne Islands,ORNE,48.1,-62.673,-64.662,gentoo penguin,16,12,2008,2008,58,1,nests,ground,"<strong>Lynch, H. J., R. Naveen, and P. Casanovas, </strong><i> 2013</i>. Antarctic Site Inventory breeding bird survey data, 1994-2013: Ecological Archives E094-243. Ecology 94:2653-2653.",None
Orne Islands,ORNE,48.1,-62.673,-64.662,chinstrap penguin,13,1,2010,2009,309,1,nests,ground,"<strong>Lynch, H. J., R. Naveen, and P. Casanovas, </strong><i> 2013</i>. Antarctic Site Inventory breeding bird survey data, 1994-2013: Ecological Archives E094-243. Ecology 94:2653-2653.",None
Orne Islands,ORNE,48.1,-62.673,-64.662,chinstrap penguin,26,1,2010,2009,526,1,chicks,ground,"<strong>Lynch, H. J., R. Naveen, and P. Casanovas, </strong><i> 2013</i>. Antarctic Site Inventory breeding bird survey data, 1994-2013: Ecological Archives E094-243. Ecology 94:2653-2653.",None
Orne Islands,ORNE,48.1,-62.673,-64.662,chinstrap penguin,10,11,2009,2009,285,1,nests,ground,"<strong>Lynch, H. J., R. Naveen, and P. Casanovas, </strong><i> 2013</i>. Antarctic Site Inventory breeding bird survey data, 1994-2013: Ecological Archives E094-243. Ecology 94:2653-2653.",None
Orne Islands,ORNE,48.1,-62.673,-64.662,gentoo penguin,26,1,2010,2009,120,1,chicks,ground,"<strong>Lynch, H. J., R. Naveen, and P. Casanovas, </strong><i> 2013</i>. Antarctic Site Inventory breeding bird survey data, 1994-2013: Ecological Archives E094-243. Ecology 94:2653-2653.",None
Orne Islands,ORNE,48.1,-62.673,-64.662,chinstrap penguin,27,12,2010,2010,253,1,nests,ground,"<strong>Lynch, H. J., R. Naveen, and P. Casanovas, </strong><i> 2013</i>. Antarctic Site Inventory breeding bird survey data, 1994-2013: Ecological Archives E094-243. Ecology 94:2653-2653.",None
Orne Islands,ORNE,48.1,-62.673,-64.662,gentoo penguin,27,12,2010,2010,103,3,nests,ground,"<strong>Lynch, H. J., R. Naveen, and P. Casanovas, </strong><i> 2013</i>. Antarctic Site Inventory breeding bird survey data, 1994-2013: Ecological Archives E094-243. Ecology 94:2653-2653.",None
Orne Islands,ORNE,48.1,-62.673,-64.662,chinstrap penguin,23,12,2012,2012,310,1,nests,ground,"<strong>Lynch, H. J., R. Naveen, and P. Casanovas, </strong><i> 2013</i>. Antarctic Site Inventory breeding bird survey data, 1994-2013: Ecological Archives E094-243. Ecology 94:2653-2653.",None
Orne Islands,ORNE,48.1,-62.673,-64.662,gentoo penguin,23,1,2013,2012,155,1,nests,ground,"<strong>Lynch, H. J., R. Naveen, and P. Casanovas, </strong><i> 2013</i>. Antarctic Site Inventory breeding bird survey data, 1994-2013: Ecological Archives E094-243. Ecology 94:2653-2653.",None
Orne Islands,ORNE,48.1,-62.673,-64.662,gentoo penguin,23,12,2012,2012,141,1,nests,ground,"<strong>Lynch, H. J., R. Naveen, and P. Casanovas, </strong><i> 2013</i>. Antarctic Site Inventory breeding bird survey data, 1994-2013: Ecological Archives E094-243. Ecology 94:2653-2653.",None
Orne Islands,ORNE,48.1,-62.673,-64.662,chinstrap penguin,4,1,2014,2013,293,1,nests,ground,"<strong>Lynch, H. J., </strong><i> ????a</i>. Antarctic Site Inventory. dataset.",None
Orne Islands,ORNE,48.1,-62.673,-64.662,gentoo penguin,4,1,2014,2013,164,1,nests,ground,"<strong>Lynch, H. J., </strong><i> ????a</i>. Antarctic Site Inventory. dataset.",None
Orne Islands,ORNE,48.1,-62.673,-64.662,chinstrap penguin,22,1,2015,2014,313,1,nests,ground,"<strong>Lynch, H. J., </strong><i> ????a</i>. Antarctic Site Inventory. dataset.",None
Orne Islands,ORNE,48.1,-62.673,-64.662,gentoo penguin,22,1,2015,2014,222,1,nests,ground,"<strong>Lynch, H. J., </strong><i> ????a</i>. Antarctic Site Inventory. dataset.",None
Orne Islands,ORNE,48.1,-62.673,-64.662,chinstrap penguin,25,12,2015,2015,353,1,nests,ground,"<strong>Lynch, H. J., </strong><i> ????a</i>. Antarctic Site Inventory. dataset.",None
Orne Islands,ORNE,48.1,-62.673,-64.662,gentoo penguin,25,12,2015,2015,348,1,nests,ground,"<strong>Lynch, H. J., </strong><i> ????a</i>. Antarctic Site Inventory. dataset.",None
Orne Islands,ORNE,48.1,-62.673,-64.662,chinstrap penguin,23,12,2016,2016,298,1,nests,ground,"<strong>Lynch, H. J., </strong><i> ????a</i>. Antarctic Site Inventory. dataset.",None
Orne Islands,ORNE,48.1,-62.673,-64.662,gentoo penguin,23,12,2016,2016,483,1,nests,ground,"<strong>Lynch, H. J., </strong><i> ????a</i>. Antarctic Site Inventory. dataset.",None
Orne Islands,ORNE,48.1,-62.673,-64.662,chinstrap penguin,24,1,2018,2017,250,1,chicks,ground,"<strong>Lynch, H. J., </strong><i> ????a</i>. Antarctic Site Inventory. dataset.",None
Orne Islands,ORNE,48.1,-62.673,-64.662,gentoo penguin,24,1,2018,2017,412,3,chicks,ground,"<strong>Lynch, H. J., </strong><i> ????a</i>. Antarctic Site Inventory. dataset.",None
Orne Islands,ORNE,48.1,-62.673,-64.662,gentoo penguin,11,1,2019,2018,401,1,nests,ground,"<strong>Lynch, H. J., </strong><i> ????a</i>. Antarctic Site Inventory. dataset.",None
Petermann Island,PETE,48.1,-64.137,-65.176,adelie penguin,22,12,1982,1982,987,1,nests,ground,"<strong>Poncet, S. and J. Poncet, </strong><i> 1987</i>. Censuses of penguin populations of the Antarctic Peninsula 1983-1987. British Antarctic Survey Bulletin 77:109- 129.",None
Petermann Island,PETE,48.1,-64.137,-65.176,chinstrap penguin,22,12,1982,1982,0,1,nests,ground,"<strong>Poncet, S. and J. Poncet, </strong><i> 1987</i>. Censuses of penguin populations of the Antarctic Peninsula 1983-1987. British Antarctic Survey Bulletin 77:109- 129.",Implied absence; not noted as present during survey.
Petermann Island,PETE,48.1,-64.137,-65.176,gentoo penguin,22,12,1982,1982,375,1,nests,ground,"<strong>Poncet, S. and J. Poncet, </strong><i> 1987</i>. Censuses of penguin populations of the Antarctic Peninsula 1983-1987. British Antarctic Survey Bulletin 77:109- 129.",None
Petermann Island,PETE,48.1,-64.137,-65.176,adelie penguin,Unknown,Unknown,1988,1988,1080,3,nests,None,"<strong>Woehler, E. J., </strong><i> 1993</i>. The distribution and abundance of Antarctic and Subantarctic penguins. Scientific Committee on Antarctic Research (SCAR), Cambridge, United Kingdom.",None
Petermann Island,PETE,48.1,-64.137,-65.176,gentoo penguin,Unknown,Unknown,1988,1988,755,2,nests,ground,"<strong>Woehler, E. J., </strong><i> 1993</i>. The distribution and abundance of Antarctic and Subantarctic penguins. Scientific Committee on Antarctic Research (SCAR), Cambridge, United Kingdom.",None
Petermann Island,PETE,48.1,-64.137,-65.176,adelie penguin,7,12,1994,1994,807,1,nests,ground,"<strong>Lynch, H. J., R. Naveen, and P. Casanovas, </strong><i> 2013</i>. Antarctic Site Inventory breeding bird survey data, 1994-2013: Ecological Archives E094-243. Ecology 94:2653-2653.",None
Petermann Island,PETE,48.1,-64.137,-65.176,adelie penguin,11,12,1994,1994,793,1,nests,ground,"<strong>Lynch, H. J., R. Naveen, and P. Casanovas, </strong><i> 2013</i>. Antarctic Site Inventory breeding bird survey data, 1994-2013: Ecological Archives E094-243. Ecology 94:2653-2653.",None
Petermann Island,PETE,48.1,-64.137,-65.176,adelie penguin,15,12,1994,1994,704,1,nests,ground,"<strong>Lynch, H. J., R. Naveen, and P. Casanovas, </strong><i> 2013</i>. Antarctic Site Inventory breeding bird survey data, 1994-2013: Ecological Archives E094-243. Ecology 94:2653-2653.",None
Petermann Island,PETE,48.1,-64.137,-65.176,adelie penguin,20,11,1995,1995,806,1,nests,ground,"<strong>Lynch, H. J., R. Naveen, and P. Casanovas, </strong><i> 2013</i>. Antarctic Site Inventory breeding bird survey data, 1994-2013: Ecological Archives E094-243. Ecology 94:2653-2653.",None
Petermann Island,PETE,48.1,-64.137,-65.176,adelie penguin,28,11,1995,1995,827,1,nests,ground,"<strong>Lynch, H. J., R. Naveen, and P. Casanovas, </strong><i> 2013</i>. Antarctic Site Inventory breeding bird survey data, 1994-2013: Ecological Archives E094-243. Ecology 94:2653-2653.",None
Petermann Island,PETE,48.1,-64.137,-65.176,adelie penguin,3,12,1995,1995,822,1,nests,ground,"<strong>Lynch, H. J., R. Naveen, and P. Casanovas, </strong><i> 2013</i>. Antarctic Site Inventory breeding bird survey data, 1994-2013: Ecological Archives E094-243. Ecology 94:2653-2653.",None
Petermann Island,PETE,48.1,-64.137,-65.176,adelie penguin,14,12,1995,1995,813,1,nests,ground,"<strong>Lynch, H. J., R. Naveen, and P. Casanovas, </strong><i> 2013</i>. Antarctic Site Inventory breeding bird survey data, 1994-2013: Ecological Archives E094-243. Ecology 94:2653-2653.",None
Petermann Island,PETE,48.1,-64.137,-65.176,adelie penguin,16,12,1995,1995,793,1,nests,ground,"<strong>Lynch, H. J., R. Naveen, and P. Casanovas, </strong><i> 2013</i>. Antarctic Site Inventory breeding bird survey data, 1994-2013: Ecological Archives E094-243. Ecology 94:2653-2653.",None
Petermann Island,PETE,48.1,-64.137,-65.176,adelie penguin,5,12,1996,1996,644,1,nests,ground,"<strong>Lynch, H. J., R. Naveen, and P. Casanovas, </strong><i> 2013</i>. Antarctic Site Inventory breeding bird survey data, 1994-2013: Ecological Archives E094-243. Ecology 94:2653-2653.",None
Petermann Island,PETE,48.1,-64.137,-65.176,adelie penguin,23,11,1997,1997,742,1,nests,ground,"<strong>Lynch, H. J., R. Naveen, and P. Casanovas, </strong><i> 2013</i>. Antarctic Site Inventory breeding bird survey data, 1994-2013: Ecological Archives E094-243. Ecology 94:2653-2653.",None
Petermann Island,PETE,48.1,-64.137,-65.176,adelie penguin,22,1,1999,1998,1135,1,chicks,ground,"<strong>Lynch, H. J., R. Naveen, and P. Casanovas, </strong><i> 2013</i>. Antarctic Site Inventory breeding bird survey data, 1994-2013: Ecological Archives E094-243. Ecology 94:2653-2653.",None
Petermann Island,PETE,48.1,-64.137,-65.176,adelie penguin,20,1,2000,1999,935,1,chicks,ground,"<strong>Lynch, H. J., R. Naveen, and P. Casanovas, </strong><i> 2013</i>. Antarctic Site Inventory breeding bird survey data, 1994-2013: Ecological Archives E094-243. Ecology 94:2653-2653.",None
Petermann Island,PETE,48.1,-64.137,-65.176,adelie penguin,14,1,2001,2000,926,1,nests,ground,"<strong>Lynch, H. J., R. Naveen, and P. Casanovas, </strong><i> 2013</i>. Antarctic Site Inventory breeding bird survey data, 1994-2013: Ecological Archives E094-243. Ecology 94:2653-2653.",None
Petermann Island,PETE,48.1,-64.137,-65.176,adelie penguin,23,1,2003,2002,661,1,chicks,ground,"<strong>Lynch, H. J., R. Naveen, and P. Casanovas, </strong><i> 2013</i>. Antarctic Site Inventory breeding bird survey data, 1994-2013: Ecological Archives E094-243. Ecology 94:2653-2653.",None
Petermann Island,PETE,48.1,-64.137,-65.176,adelie penguin,10,12,2002,2002,485,1,nests,ground,"<strong>Lynch, H. J., R. Naveen, and P. Casanovas, </strong><i> 2013</i>. Antarctic Site Inventory breeding bird survey data, 1994-2013: Ecological Archives E094-243. Ecology 94:2653-2653.",None
Petermann Island,PETE,48.1,-64.137,-65.176,adelie penguin,24,1,2004,2003,731,1,chicks,ground,"<strong>Lynch, H. J., W. F. Fagan, and R. Naveen, </strong><i> 2010</i>. Population trends and reproductive success at a frequently visited penguin colony on the western Antarctic Peninsula. Polar Biology 33:493-503.",None
Petermann Island,PETE,48.1,-64.137,-65.176,adelie penguin,21,11,2003,2003,553,1,nests,ground,"<strong>Lynch, H. J., W. F. Fagan, and R. Naveen, </strong><i> 2010</i>. Population trends and reproductive success at a frequently visited penguin colony on the western Antarctic Peninsula. Polar Biology 33:493-503.",None
Petermann Island,PETE,48.1,-64.137,-65.176,gentoo penguin,24,1,2004,2003,3260,1,chicks,ground,"<strong>Lynch, H. J., W. F. Fagan, and R. Naveen, </strong><i> 2010</i>. Population trends and reproductive success at a frequently visited penguin colony on the western Antarctic Peninsula. Polar Biology 33:493-503.",None
Petermann Island,PETE,48.1,-64.137,-65.176,gentoo penguin,4,12,2003,2003,2145,1,nests,ground,"<strong>Lynch, H. J., W. F. Fagan, and R. Naveen, </strong><i> 2010</i>. Population trends and reproductive success at a frequently visited penguin colony on the western Antarctic Peninsula. Polar Biology 33:493-503.",None
Petermann Island,PETE,48.1,-64.137,-65.176,adelie penguin,4,2,2005,2004,580,1,chicks,ground,"<strong>Lynch, H. J., W. F. Fagan, and R. Naveen, </strong><i> 2010</i>. Population trends and reproductive success at a frequently visited penguin colony on the western Antarctic Peninsula. Polar Biology 33:493-503.",None
Petermann Island,PETE,48.1,-64.137,-65.176,adelie penguin,21,11,2004,2004,532,1,nests,ground,"<strong>Lynch, H. J., W. F. Fagan, and R. Naveen, </strong><i> 2010</i>. Population trends and reproductive success at a frequently visited penguin colony on the western Antarctic Peninsula. Polar Biology 33:493-503.",None
Petermann Island,PETE,48.1,-64.137,-65.176,chinstrap penguin,7,12,2004,2004,0,1,nests,ground,"<strong>Lynch, H. J., </strong><i> ????a</i>. Antarctic Site Inventory. dataset.",None
Petermann Island,PETE,48.1,-64.137,-65.176,gentoo penguin,23,1,2005,2004,2781,1,chicks,ground,"<strong>Lynch, H. J., W. F. Fagan, and R. Naveen, </strong><i> 2010</i>. Population trends and reproductive success at a frequently visited penguin colony on the western Antarctic Peninsula. Polar Biology 33:493-503.",None
Petermann Island,PETE,48.1,-64.137,-65.176,gentoo penguin,7,12,2004,2004,2265,1,nests,ground,"<strong>Lynch, H. J., W. F. Fagan, and R. Naveen, </strong><i> 2010</i>. Population trends and reproductive success at a frequently visited penguin colony on the western Antarctic Peninsula. Polar Biology 33:493-503.",None
Petermann Island,PETE,48.1,-64.137,-65.176,adelie penguin,27,1,2006,2005,589,1,chicks,ground,"<strong>Lynch, H. J., W. F. Fagan, and R. Naveen, </strong><i> 2010</i>. Population trends and reproductive success at a frequently visited penguin colony on the western Antarctic Peninsula. Polar Biology 33:493-503.",None
Petermann Island,PETE,48.1,-64.137,-65.176,adelie penguin,22,11,2005,2005,479,1,nests,ground,"<strong>Lynch, H. J., W. F. Fagan, and R. Naveen, </strong><i> 2010</i>. Population trends and reproductive success at a frequently visited penguin colony on the western Antarctic Peninsula. Polar Biology 33:493-503.",None
Petermann Island,PETE,48.1,-64.137,-65.176,chinstrap penguin,23,11,2005,2005,0,1,nests,ground,"<strong>Lynch, H. J., </strong><i> ????a</i>. Antarctic Site Inventory. dataset.",None
Petermann Island,PETE,48.1,-64.137,-65.176,gentoo penguin,25,1,2006,2005,3453,1,chicks,ground,"<strong>Lynch, H. J., W. F. Fagan, and R. Naveen, </strong><i> 2010</i>. Population trends and reproductive success at a frequently visited penguin colony on the western Antarctic Peninsula. Polar Biology 33:493-503.",None
Petermann Island,PETE,48.1,-64.137,-65.176,gentoo penguin,2,12,2005,2005,2438,1,nests,ground,"<strong>Lynch, H. J., W. F. Fagan, and R. Naveen, </strong><i> 2010</i>. Population trends and reproductive success at a frequently visited penguin colony on the western Antarctic Peninsula. Polar Biology 33:493-503.",None
Petermann Island,PETE,48.1,-64.137,-65.176,adelie penguin,4,2,2007,2006,458,1,chicks,ground,"<strong>Lynch, H. J., W. F. Fagan, and R. Naveen, </strong><i> 2010</i>. Population trends and reproductive success at a frequently visited penguin colony on the western Antarctic Peninsula. Polar Biology 33:493-503.",None
Petermann Island,PETE,48.1,-64.137,-65.176,adelie penguin,21,11,2006,2006,410,1,nests,ground,"<strong>Lynch, H. J., W. F. Fagan, and R. Naveen, </strong><i> 2010</i>. Population trends and reproductive success at a frequently visited penguin colony on the western Antarctic Peninsula. Polar Biology 33:493-503.",None
Petermann Island,PETE,48.1,-64.137,-65.176,chinstrap penguin,19,11,2006,2006,0,1,nests,ground,"<strong>Lynch, H. J., </strong><i> ????a</i>. Antarctic Site Inventory. dataset.",None
Petermann Island,PETE,48.1,-64.137,-65.176,gentoo penguin,2,2,2007,2006,3344,1,chicks,ground,"<strong>Lynch, H. J., W. F. Fagan, and R. Naveen, </strong><i> 2010</i>. Population trends and reproductive success at a frequently visited penguin colony on the western Antarctic Peninsula. Polar Biology 33:493-503.",None
Petermann Island,PETE,48.1,-64.137,-65.176,gentoo penguin,24,11,2006,2006,2293,1,nests,ground,"<strong>Lynch, H. J., W. F. Fagan, and R. Naveen, </strong><i> 2010</i>. Population trends and reproductive success at a frequently visited penguin colony on the western Antarctic Peninsula. Polar Biology 33:493-503.",None
Petermann Island,PETE,48.1,-64.137,-65.176,adelie penguin,30,1,2008,2007,434,1,chicks,ground,"<strong>Lynch, H. J., W. F. Fagan, and R. Naveen, </strong><i> 2010</i>. Population trends and reproductive success at a frequently visited penguin colony on the western Antarctic Peninsula. Polar Biology 33:493-503.",None
Petermann Island,PETE,48.1,-64.137,-65.176,adelie penguin,18,11,2007,2007,390,1,nests,ground,"<strong>Lynch, H. J., W. F. Fagan, and R. Naveen, </strong><i> 2010</i>. Population trends and reproductive success at a frequently visited penguin colony on the western Antarctic Peninsula. Polar Biology 33:493-503.",None
Petermann Island,PETE,48.1,-64.137,-65.176,chinstrap penguin,20,11,2007,2007,0,1,nests,ground,"<strong>Lynch, H. J., </strong><i> ????a</i>. Antarctic Site Inventory. dataset.",None
Petermann Island,PETE,48.1,-64.137,-65.176,gentoo penguin,5,2,2008,2007,3348,1,chicks,ground,"<strong>Lynch, H. J., W. F. Fagan, and R. Naveen, </strong><i> 2010</i>. Population trends and reproductive success at a frequently visited penguin colony on the western Antarctic Peninsula. Polar Biology 33:493-503.",None
Petermann Island,PETE,48.1,-64.137,-65.176,gentoo penguin,23,11,2007,2007,2719,1,nests,ground,"<strong>Lynch, H. J., W. F. Fagan, and R. Naveen, </strong><i> 2010</i>. Population trends and reproductive success at a frequently visited penguin colony on the western Antarctic Peninsula. Polar Biology 33:493-503.",None
Petermann Island,PETE,48.1,-64.137,-65.176,adelie penguin,12,1,2009,2008,438,1,chicks,ground,"<strong>Lynch, H. J., R. Naveen, and P. Casanovas, </strong><i> 2013</i>. Antarctic Site Inventory breeding bird survey data, 1994-2013: Ecological Archives E094-243. Ecology 94:2653-2653.",None
Petermann Island,PETE,48.1,-64.137,-65.176,adelie penguin,18,1,2009,2008,431,1,chicks,ground,"<strong>Lynch, H. J., R. Naveen, and P. Casanovas, </strong><i> 2013</i>. Antarctic Site Inventory breeding bird survey data, 1994-2013: Ecological Archives E094-243. Ecology 94:2653-2653.",None
Petermann Island,PETE,48.1,-64.137,-65.176,adelie penguin,19,11,2008,2008,395,1,nests,ground,"<strong>Lynch, H. J., R. Naveen, and P. Casanovas, </strong><i> 2013</i>. Antarctic Site Inventory breeding bird survey data, 1994-2013: Ecological Archives E094-243. Ecology 94:2653-2653.",None
Petermann Island,PETE,48.1,-64.137,-65.176,adelie penguin,1,12,2008,2008,331,1,nests,ground,"<strong>Lynch, H. J., R. Naveen, and P. Casanovas, </strong><i> 2013</i>. Antarctic Site Inventory breeding bird survey data, 1994-2013: Ecological Archives E094-243. Ecology 94:2653-2653.",None
Petermann Island,PETE,48.1,-64.137,-65.176,adelie penguin,27,12,2008,2008,318,1,nests,ground,"<strong>Lynch, H. J., R. Naveen, and P. Casanovas, </strong><i> 2013</i>. Antarctic Site Inventory breeding bird survey data, 1994-2013: Ecological Archives E094-243. Ecology 94:2653-2653.",None
Petermann Island,PETE,48.1,-64.137,-65.176,chinstrap penguin,1,12,2008,2008,0,1,nests,ground,"<strong>Lynch, H. J., </strong><i> ????a</i>. Antarctic Site Inventory. dataset.",None
Petermann Island,PETE,48.1,-64.137,-65.176,gentoo penguin,12,1,2009,2008,3731,1,chicks,ground,"<strong>Lynch, H. J., R. Naveen, and P. Casanovas, </strong><i> 2013</i>. Antarctic Site Inventory breeding bird survey data, 1994-2013: Ecological Archives E094-243. Ecology 94:2653-2653.",None
Petermann Island,PETE,48.1,-64.137,-65.176,gentoo penguin,1,12,2008,2008,2897,1,nests,ground,"<strong>Lynch, H. J., R. Naveen, and P. Casanovas, </strong><i> 2013</i>. Antarctic Site Inventory breeding bird survey data, 1994-2013: Ecological Archives E094-243. Ecology 94:2653-2653.",None
Petermann Island,PETE,48.1,-64.137,-65.176,adelie penguin,5,1,2010,2009,269,1,nests,ground,"<strong>Lynch, H. J., R. Naveen, and P. Casanovas, </strong><i> 2013</i>. Antarctic Site Inventory breeding bird survey data, 1994-2013: Ecological Archives E094-243. Ecology 94:2653-2653.",None
Petermann Island,PETE,48.1,-64.137,-65.176,adelie penguin,28,1,2010,2009,450,1,chicks,ground,"<strong>Lynch, H. J., R. Naveen, and P. Casanovas, </strong><i> 2013</i>. Antarctic Site Inventory breeding bird survey data, 1994-2013: Ecological Archives E094-243. Ecology 94:2653-2653.",None
Petermann Island,PETE,48.1,-64.137,-65.176,adelie penguin,11,11,2009,2009,367,1,nests,ground,"<strong>Lynch, H. J., R. Naveen, and P. Casanovas, </strong><i> 2013</i>. Antarctic Site Inventory breeding bird survey data, 1994-2013: Ecological Archives E094-243. Ecology 94:2653-2653.",None
Petermann Island,PETE,48.1,-64.137,-65.176,adelie penguin,14,12,2009,2009,316,1,nests,ground,"<strong>Lynch, H. J., R. Naveen, and P. Casanovas, </strong><i> 2013</i>. Antarctic Site Inventory breeding bird survey data, 1994-2013: Ecological Archives E094-243. Ecology 94:2653-2653.",None
Petermann Island,PETE,48.1,-64.137,-65.176,chinstrap penguin,14,12,2009,2009,0,1,nests,ground,"<strong>Lynch, H. J., </strong><i> ????a</i>. Antarctic Site Inventory. dataset.",None
Petermann Island,PETE,48.1,-64.137,-65.176,gentoo penguin,14,12,2009,2009,3020,1,nests,ground,"<strong>Lynch, H. J., R. Naveen, and P. Casanovas, </strong><i> 2013</i>. Antarctic Site Inventory breeding bird survey data, 1994-2013: Ecological Archives E094-243. Ecology 94:2653-2653.",None
Petermann Island,PETE,48.1,-64.137,-65.176,adelie penguin,5,12,2010,2010,239,1,nests,ground,"<strong>Lynch, H. J., R. Naveen, and P. Casanovas, </strong><i> 2013</i>. Antarctic Site Inventory breeding bird survey data, 1994-2013: Ecological Archives E094-243. Ecology 94:2653-2653.",None
Petermann Island,PETE,48.1,-64.137,-65.176,adelie penguin,Unknown,Unknown,2010,2010,251,1,nests,ground,"<strong>Pylypenko, D. V., </strong><i> 2013</i>. Colonial bird species nesting in the UAS AREA Vernadsky (2010-2011). Ukrainian Antarkticka Journal 12:206-216.",None
Petermann Island,PETE,48.1,-64.137,-65.176,chinstrap penguin,2,1,2011,2010,1,1,nests,ground,"<strong>Lynch, H. J., R. Naveen, and P. Casanovas, </strong><i> 2013</i>. Antarctic Site Inventory breeding bird survey data, 1994-2013: Ecological Archives E094-243. Ecology 94:2653-2653.",None
Petermann Island,PETE,48.1,-64.137,-65.176,chinstrap penguin,23,1,2011,2010,1,1,nests,ground,"<strong>Lynch, H. J., R. Naveen, and P. Casanovas, </strong><i> 2013</i>. Antarctic Site Inventory breeding bird survey data, 1994-2013: Ecological Archives E094-243. Ecology 94:2653-2653.",None
Petermann Island,PETE,48.1,-64.137,-65.176,adelie penguin,7,1,2013,2012,278,1,nests,ground,"<strong>Lynch, H. J., R. Naveen, and P. Casanovas, </strong><i> 2013</i>. Antarctic Site Inventory breeding bird survey data, 1994-2013: Ecological Archives E094-243. Ecology 94:2653-2653.",None
Petermann Island,PETE,48.1,-64.137,-65.176,adelie penguin,3,2,2013,2012,439,1,chicks,ground,"<strong>Lynch, H. J., R. Naveen, and P. Casanovas, </strong><i> 2013</i>. Antarctic Site Inventory breeding bird survey data, 1994-2013: Ecological Archives E094-243. Ecology 94:2653-2653.",None
Petermann Island,PETE,48.1,-64.137,-65.176,adelie penguin,21,12,2012,2012,296,1,nests,ground,"<strong>Lynch, H. J., R. Naveen, and P. Casanovas, </strong><i> 2013</i>. Antarctic Site Inventory breeding bird survey data, 1994-2013: Ecological Archives E094-243. Ecology 94:2653-2653.",None
Petermann Island,PETE,48.1,-64.137,-65.176,chinstrap penguin,7,1,2013,2012,0,1,nests,ground,"<strong>Lynch, H. J., R. Naveen, and P. Casanovas, </strong><i> 2013</i>. Antarctic Site Inventory breeding bird survey data, 1994-2013: Ecological Archives E094-243. Ecology 94:2653-2653.",None
Petermann Island,PETE,48.1,-64.137,-65.176,gentoo penguin,7,1,2013,2012,3300,1,nests,ground,"<strong>Lynch, H. J., R. Naveen, and P. Casanovas, </strong><i> 2013</i>. Antarctic Site Inventory breeding bird survey data, 1994-2013: Ecological Archives E094-243. Ecology 94:2653-2653.",None
Petermann Island,PETE,48.1,-64.137,-65.176,adelie penguin,20,1,2014,2013,382,1,chicks,ground,"<strong>Lynch, H. J., R. Naveen, and P. Casanovas, </strong><i> 2013</i>. Antarctic Site Inventory breeding bird survey data, 1994-2013: Ecological Archives E094-243. Ecology 94:2653-2653.",None
Petermann Island,PETE,48.1,-64.137,-65.176,adelie penguin,12,12,2013,2013,283,1,nests,ground,"<strong>Lynch, H. J., R. Naveen, and P. Casanovas, </strong><i> 2013</i>. Antarctic Site Inventory breeding bird survey data, 1994-2013: Ecological Archives E094-243. Ecology 94:2653-2653.",None
Petermann Island,PETE,48.1,-64.137,-65.176,adelie penguin,Unknown,Unknown,2013,2013,292,1,nests,ground,"<strong>Lynch, H. J., </strong><i> ????a</i>. Antarctic Site Inventory. dataset.",None
Petermann Island,PETE,48.1,-64.137,-65.176,chinstrap penguin,2,1,2014,2013,0,1,nests,ground,"<strong>Lynch, H. J., </strong><i> ????a</i>. Antarctic Site Inventory. dataset.",None
Petermann Island,PETE,48.1,-64.137,-65.176,gentoo penguin,2,1,2014,2013,3057,1,nests,ground,"<strong>Lynch, H. J., </strong><i> ????a</i>. Antarctic Site Inventory. dataset.",None
Petermann Island,PETE,48.1,-64.137,-65.176,gentoo penguin,Unknown,Unknown,2013,2013,3561,1,nests,ground,"<strong>Lynch, H. J., </strong><i> ????a</i>. Antarctic Site Inventory. dataset.",Count provided by Vernadsky Station personnel.
Petermann Island,PETE,48.1,-64.137,-65.176,adelie penguin,3,1,2015,2014,287,1,nests,ground,"<strong>Lynch, H. J., </strong><i> ????a</i>. Antarctic Site Inventory. dataset.",None
Petermann Island,PETE,48.1,-64.137,-65.176,adelie penguin,14,1,2015,2014,419,1,chicks,ground,"<strong>Lynch, H. J., </strong><i> ????a</i>. Antarctic Site Inventory. dataset.",None
Petermann Island,PETE,48.1,-64.137,-65.176,adelie penguin,20,1,2015,2014,445,1,chicks,ground,"<strong>Lynch, H. J., </strong><i> ????a</i>. Antarctic Site Inventory. dataset.",None
Petermann Island,PETE,48.1,-64.137,-65.176,adelie penguin,30,1,2015,2014,475,1,chicks,ground,"<strong>Lynch, H. J., </strong><i> ????a</i>. Antarctic Site Inventory. dataset.",None
Petermann Island,PETE,48.1,-64.137,-65.176,chinstrap penguin,14,1,2015,2014,0,1,nests,ground,"<strong>Lynch, H. J., </strong><i> ????a</i>. Antarctic Site Inventory. dataset.",None
Petermann Island,PETE,48.1,-64.137,-65.176,gentoo penguin,14,1,2015,2014,3085,1,nests,ground,"<strong>Lynch, H. J., </strong><i> ????a</i>. Antarctic Site Inventory. dataset.",None
Petermann Island,PETE,48.1,-64.137,-65.176,gentoo penguin,27,1,2015,2014,3905,1,chicks,ground,"<strong>Lynch, H. J., </strong><i> ????a</i>. Antarctic Site Inventory. dataset.",None
Petermann Island,PETE,48.1,-64.137,-65.176,adelie penguin,25,1,2016,2015,363,1,chicks,ground,"<strong>Lynch, H. J., </strong><i> ????a</i>. Antarctic Site Inventory. dataset.",None
Petermann Island,PETE,48.1,-64.137,-65.176,adelie penguin,5,1,2018,2017,238,1,nests,ground,"<strong>Lynch, H. J., </strong><i> ????a</i>. Antarctic Site Inventory. dataset.",None
Petermann Island,PETE,48.1,-64.137,-65.176,adelie penguin,26,1,2018,2017,292,1,chicks,ground,"<strong>Lynch, H. J., </strong><i> ????a</i>. Antarctic Site Inventory. dataset.",None
Petermann Island,PETE,48.1,-64.137,-65.176,gentoo penguin,5,1,2018,2017,3516,1,nests,ground,"<strong>Lynch, H. J., </strong><i> ????a</i>. Antarctic Site Inventory. dataset.",None
